<?xml version="1.0" encoding="UTF-8"?>
<GenRun Id="impl_3" LaunchPart="xc7a35tcpg236-1" LaunchTime="1524783643">
  <File Type="PWROPT-DCP" Name="top_module_pwropt.dcp"/>
  <File Type="ROUTE-PWR" Name="top_module_power_routed.rpt"/>
  <File Type="PA-TCL" Name="top_module.tcl"/>
  <File Type="ROUTE-PWR-SUM" Name="top_module_power_summary_routed.pb"/>
  <File Type="REPORTS-TCL" Name="top_module_reports.tcl"/>
  <File Type="BG-DRC" Name="top_module.drc"/>
  <File Type="OPT-METHODOLOGY-DRC" Name="top_module_methodology_drc_opted.rpt"/>
  <File Type="INIT-TIMING" Name="top_module_timing_summary_init.rpt"/>
  <File Type="OPT-HWDEF" Name="top_module.hwdef"/>
  <File Type="OPT-DCP" Name="top_module_opt.dcp"/>
  <File Type="OPT-DRC" Name="top_module_drc_opted.rpt"/>
  <File Type="OPT-TIMING" Name="top_module_timing_summary_opted.rpt"/>
  <File Type="PWROPT-DRC" Name="top_module_drc_pwropted.rpt"/>
  <File Type="PWROPT-TIMING" Name="top_module_timing_summary_pwropted.rpt"/>
  <File Type="PLACE-DCP" Name="top_module_placed.dcp"/>
  <File Type="PLACE-IO" Name="top_module_io_placed.rpt"/>
  <File Type="PLACE-CLK" Name="top_module_clock_utilization_placed.rpt"/>
  <File Type="PLACE-UTIL" Name="top_module_utilization_placed.rpt"/>
  <File Type="PLACE-UTIL-PB" Name="top_module_utilization_placed.pb"/>
  <File Type="PLACE-CTRL" Name="top_module_control_sets_placed.rpt"/>
  <File Type="PLACE-SIMILARITY" Name="top_module_incremental_reuse_placed.rpt"/>
  <File Type="PLACE-PRE-SIMILARITY" Name="top_module_incremental_reuse_pre_placed.rpt"/>
  <File Type="PLACE-TIMING" Name="top_module_timing_summary_placed.rpt"/>
  <File Type="POSTPLACE-PWROPT-DCP" Name="top_module_postplace_pwropt.dcp"/>
  <File Type="POSTPLACE-PWROPT-TIMING" Name="top_module_timing_summary_postplace_pwropted.rpt"/>
  <File Type="PHYSOPT-DCP" Name="top_module_physopt.dcp"/>
  <File Type="PHYSOPT-DRC" Name="top_module_drc_physopted.rpt"/>
  <File Type="BG-BIT" Name="top_module.bit"/>
  <File Type="PHYSOPT-TIMING" Name="top_module_timing_summary_physopted.rpt"/>
  <File Type="ROUTE-ERROR-DCP" Name="top_module_routed_error.dcp"/>
  <File Type="ROUTE-DCP" Name="top_module_routed.dcp"/>
  <File Type="ROUTE-BLACKBOX-DCP" Name="top_module_routed_bb.dcp"/>
  <File Type="ROUTE-DRC" Name="top_module_drc_routed.rpt"/>
  <File Type="ROUTE-DRC-PB" Name="top_module_drc_routed.pb"/>
  <File Type="BITSTR-MSK" Name="top_module.msk"/>
  <File Type="ROUTE-DRC-RPX" Name="top_module_drc_routed.rpx"/>
  <File Type="BG-BGN" Name="top_module.bgn"/>
  <File Type="ROUTE-METHODOLOGY-DRC" Name="top_module_methodology_drc_routed.rpt"/>
  <File Type="BITSTR-RBT" Name="top_module.rbt"/>
  <File Type="ROUTE-METHODOLOGY-DRC-RPX" Name="top_module_methodology_drc_routed.rpx"/>
  <File Type="BG-BIN" Name="top_module.bin"/>
  <File Type="ROUTE-METHODOLOGY-DRC-PB" Name="top_module_methodology_drc_routed.pb"/>
  <File Type="ROUTE-PWR-RPX" Name="top_module_power_routed.rpx"/>
  <File Type="ROUTE-STATUS" Name="top_module_route_status.rpt"/>
  <File Type="ROUTE-STATUS-PB" Name="top_module_route_status.pb"/>
  <File Type="ROUTE-TIMINGSUMMARY" Name="top_module_timing_summary_routed.rpt"/>
  <File Type="ROUTE-TIMING-PB" Name="top_module_timing_summary_routed.pb"/>
  <File Type="ROUTE-TIMING-RPX" Name="top_module_timing_summary_routed.rpx"/>
  <File Type="ROUTE-SIMILARITY" Name="top_module_incremental_reuse_routed.rpt"/>
  <File Type="RDI-RDI" Name="top_module.vdi"/>
  <File Type="ROUTE-CLK" Name="top_module_clock_utilization_routed.rpt"/>
  <File Type="POSTROUTE-PHYSOPT-DCP" Name="top_module_postroute_physopt.dcp"/>
  <File Type="POSTROUTE-PHYSOPT-BLACKBOX-DCP" Name="top_module_postroute_physopt_bb.dcp"/>
  <File Type="POSTROUTE-PHYSOPT-TIMING" Name="top_module_timing_summary_postroute_physopted.rpt"/>
  <File Type="POSTROUTE-PHYSOPT-TIMING-PB" Name="top_module_timing_summary_postroute_physopted.pb"/>
  <File Type="POSTROUTE-PHYSOPT-TIMING-RPX" Name="top_module_timing_summary_postroute_physopted.rpx"/>
  <File Type="BITSTR-NKY" Name="top_module.nky"/>
  <File Type="BITSTR-BMM" Name="top_module_bd.bmm"/>
  <File Type="BITSTR-MMI" Name="top_module.mmi"/>
  <File Type="BITSTR-LTX" Name="debug_nets.ltx"/>
  <File Type="BITSTR-LTX" Name="top_module.ltx"/>
  <File Type="BITSTR-SYSDEF" Name="top_module.sysdef"/>
  <File Type="WBT-USG" Name="usage_statistics_webtalk.html"/>
  <FileSet Name="sources" Type="DesignSrcs" RelSrcDir="$PSRCDIR/sources_1">
    <Filter Type="Srcs"/>
    <File Path="$PSRCDIR/sources_1/new/clk_div_disp.v">
      <FileInfo>
        <Attr Name="UsedIn" Val="synthesis"/>
        <Attr Name="UsedIn" Val="implementation"/>
        <Attr Name="UsedIn" Val="simulation"/>
      </FileInfo>
    </File>
    <File Path="$PSRCDIR/sources_1/new/clkdiv.v">
      <FileInfo>
        <Attr Name="UsedIn" Val="synthesis"/>
        <Attr Name="UsedIn" Val="implementation"/>
        <Attr Name="UsedIn" Val="simulation"/>
      </FileInfo>
    </File>
    <File Path="$PSRCDIR/sources_1/new/disp_fsm.v">
      <FileInfo>
        <Attr Name="UsedIn" Val="synthesis"/>
        <Attr Name="UsedIn" Val="implementation"/>
        <Attr Name="UsedIn" Val="simulation"/>
      </FileInfo>
    </File>
    <File Path="$PSRCDIR/sources_1/new/down_counter.v">
      <FileInfo>
        <Attr Name="UsedIn" Val="synthesis"/>
        <Attr Name="UsedIn" Val="implementation"/>
        <Attr Name="UsedIn" Val="simulation"/>
      </FileInfo>
    </File>
    <File Path="$PSRCDIR/sources_1/new/hex_to_7seg.v">
      <FileInfo>
        <Attr Name="UsedIn" Val="synthesis"/>
        <Attr Name="UsedIn" Val="implementation"/>
        <Attr Name="UsedIn" Val="simulation"/>
      </FileInfo>
    </File>
    <File Path="$PSRCDIR/sources_1/new/ss_toggle.v">
      <FileInfo>
        <Attr Name="UsedIn" Val="synthesis"/>
        <Attr Name="UsedIn" Val="implementation"/>
        <Attr Name="UsedIn" Val="simulation"/>
      </FileInfo>
    </File>
    <File Path="$PSRCDIR/sources_1/new/up_counter.v">
      <FileInfo>
        <Attr Name="UsedIn" Val="synthesis"/>
        <Attr Name="UsedIn" Val="implementation"/>
        <Attr Name="UsedIn" Val="simulation"/>
      </FileInfo>
    </File>
    <File Path="$PSRCDIR/sources_1/new/top_module.v">
      <FileInfo>
        <Attr Name="UsedIn" Val="synthesis"/>
        <Attr Name="UsedIn" Val="implementation"/>
        <Attr Name="UsedIn" Val="simulation"/>
      </FileInfo>
    </File>
    <File Path="$PSRCDIR/sources_1/new/DownCounter.v">
      <FileInfo>
        <Attr Name="UserDisabled" Val="1"/>
        <Attr Name="UsedIn" Val="synthesis"/>
        <Attr Name="UsedIn" Val="implementation"/>
        <Attr Name="UsedIn" Val="simulation"/>
      </FileInfo>
    </File>
    <File Path="$PSRCDIR/sources_1/new/UpCounter.v">
      <FileInfo>
        <Attr Name="UserDisabled" Val="1"/>
        <Attr Name="UsedIn" Val="synthesis"/>
        <Attr Name="UsedIn" Val="implementation"/>
        <Attr Name="UsedIn" Val="simulation"/>
      </FileInfo>
    </File>
    <File Path="$PSRCDIR/sources_1/new/time_mux_state_machine.v">
      <FileInfo>
        <Attr Name="UserDisabled" Val="1"/>
        <Attr Name="UsedIn" Val="synthesis"/>
        <Attr Name="UsedIn" Val="implementation"/>
        <Attr Name="UsedIn" Val="simulation"/>
      </FileInfo>
    </File>
    <Config>
      <Option Name="DesignMode" Val="RTL"/>
      <Option Name="TopModule" Val="top_module"/>
      <Option Name="TopAutoSet" Val="TRUE"/>
    </Config>
  </FileSet>
  <FileSet Name="constrs_in" Type="Constrs" RelSrcDir="$PSRCDIR/constrs_1">
    <Filter Type="Constrs"/>
    <File Path="$PSRCDIR/constrs_1/imports/Vivado EE316/Basys3_Master_7seg_disp.xdc">
      <FileInfo>
        <Attr Name="ImportPath" Val="$PPRDIR/../Lab 4/Lab 4.srcs/constrs_1/imports/Vivado EE316/Basys3_Master_7seg_disp.xdc"/>
        <Attr Name="ImportTime" Val="1521819217"/>
        <Attr Name="UsedIn" Val="synthesis"/>
        <Attr Name="UsedIn" Val="implementation"/>
      </FileInfo>
    </File>
    <Config>
      <Option Name="ConstrsType" Val="XDC"/>
    </Config>
  </FileSet>
  <Strategy Version="1" Minor="2">
    <StratHandle Name="Vivado Implementation Defaults" Flow="Vivado Implementation 2017"/>
    <Step Id="init_design"/>
    <Step Id="opt_design"/>
    <Step Id="power_opt_design"/>
    <Step Id="place_design"/>
    <Step Id="post_place_power_opt_design"/>
    <Step Id="phys_opt_design"/>
    <Step Id="route_design"/>
    <Step Id="post_route_phys_opt_design"/>
    <Step Id="write_bitstream"/>
  </Strategy>
</GenRun>
