<?xml version="1.0" encoding="UTF-8"?>
<GenRun Id="impl_1" LaunchPart="xc7a35tcpg236-1" LaunchTime="1523039730">
  <File Type="PWROPT-DCP" Name="CLA4bitAdder_pwropt.dcp"/>
  <File Type="ROUTE-PWR" Name="CLA4bitAdder_power_routed.rpt"/>
  <File Type="PA-TCL" Name="CLA4bitAdder.tcl"/>
  <File Type="ROUTE-PWR-SUM" Name="CLA4bitAdder_power_summary_routed.pb"/>
  <File Type="REPORTS-TCL" Name="CLA4bitAdder_reports.tcl"/>
  <File Type="BG-DRC" Name="CLA4bitAdder.drc"/>
  <File Type="OPT-METHODOLOGY-DRC" Name="CLA4bitAdder_methodology_drc_opted.rpt"/>
  <File Type="INIT-TIMING" Name="CLA4bitAdder_timing_summary_init.rpt"/>
  <File Type="OPT-HWDEF" Name="CLA4bitAdder.hwdef"/>
  <File Type="OPT-DCP" Name="CLA4bitAdder_opt.dcp"/>
  <File Type="OPT-DRC" Name="CLA4bitAdder_drc_opted.rpt"/>
  <File Type="OPT-TIMING" Name="CLA4bitAdder_timing_summary_opted.rpt"/>
  <File Type="PWROPT-DRC" Name="CLA4bitAdder_drc_pwropted.rpt"/>
  <File Type="PWROPT-TIMING" Name="CLA4bitAdder_timing_summary_pwropted.rpt"/>
  <File Type="PLACE-DCP" Name="CLA4bitAdder_placed.dcp"/>
  <File Type="PLACE-IO" Name="CLA4bitAdder_io_placed.rpt"/>
  <File Type="PLACE-CLK" Name="CLA4bitAdder_clock_utilization_placed.rpt"/>
  <File Type="PLACE-UTIL" Name="CLA4bitAdder_utilization_placed.rpt"/>
  <File Type="PLACE-UTIL-PB" Name="CLA4bitAdder_utilization_placed.pb"/>
  <File Type="PLACE-CTRL" Name="CLA4bitAdder_control_sets_placed.rpt"/>
  <File Type="PLACE-SIMILARITY" Name="CLA4bitAdder_incremental_reuse_placed.rpt"/>
  <File Type="PLACE-PRE-SIMILARITY" Name="CLA4bitAdder_incremental_reuse_pre_placed.rpt"/>
  <File Type="PLACE-TIMING" Name="CLA4bitAdder_timing_summary_placed.rpt"/>
  <File Type="POSTPLACE-PWROPT-DCP" Name="CLA4bitAdder_postplace_pwropt.dcp"/>
  <File Type="POSTPLACE-PWROPT-TIMING" Name="CLA4bitAdder_timing_summary_postplace_pwropted.rpt"/>
  <File Type="PHYSOPT-DCP" Name="CLA4bitAdder_physopt.dcp"/>
  <File Type="PHYSOPT-DRC" Name="CLA4bitAdder_drc_physopted.rpt"/>
  <File Type="BG-BIT" Name="CLA4bitAdder.bit"/>
  <File Type="PHYSOPT-TIMING" Name="CLA4bitAdder_timing_summary_physopted.rpt"/>
  <File Type="ROUTE-ERROR-DCP" Name="CLA4bitAdder_routed_error.dcp"/>
  <File Type="ROUTE-DCP" Name="CLA4bitAdder_routed.dcp"/>
  <File Type="ROUTE-BLACKBOX-DCP" Name="CLA4bitAdder_routed_bb.dcp"/>
  <File Type="ROUTE-DRC" Name="CLA4bitAdder_drc_routed.rpt"/>
  <File Type="ROUTE-DRC-PB" Name="CLA4bitAdder_drc_routed.pb"/>
  <File Type="BITSTR-MSK" Name="CLA4bitAdder.msk"/>
  <File Type="ROUTE-DRC-RPX" Name="CLA4bitAdder_drc_routed.rpx"/>
  <File Type="BG-BGN" Name="CLA4bitAdder.bgn"/>
  <File Type="ROUTE-METHODOLOGY-DRC" Name="CLA4bitAdder_methodology_drc_routed.rpt"/>
  <File Type="BITSTR-RBT" Name="CLA4bitAdder.rbt"/>
  <File Type="ROUTE-METHODOLOGY-DRC-RPX" Name="CLA4bitAdder_methodology_drc_routed.rpx"/>
  <File Type="BG-BIN" Name="CLA4bitAdder.bin"/>
  <File Type="ROUTE-METHODOLOGY-DRC-PB" Name="CLA4bitAdder_methodology_drc_routed.pb"/>
  <File Type="ROUTE-PWR-RPX" Name="CLA4bitAdder_power_routed.rpx"/>
  <File Type="ROUTE-STATUS" Name="CLA4bitAdder_route_status.rpt"/>
  <File Type="ROUTE-STATUS-PB" Name="CLA4bitAdder_route_status.pb"/>
  <File Type="ROUTE-TIMINGSUMMARY" Name="CLA4bitAdder_timing_summary_routed.rpt"/>
  <File Type="ROUTE-TIMING-PB" Name="CLA4bitAdder_timing_summary_routed.pb"/>
  <File Type="ROUTE-TIMING-RPX" Name="CLA4bitAdder_timing_summary_routed.rpx"/>
  <File Type="ROUTE-SIMILARITY" Name="CLA4bitAdder_incremental_reuse_routed.rpt"/>
  <File Type="RDI-RDI" Name="CLA4bitAdder.vdi"/>
  <File Type="ROUTE-CLK" Name="CLA4bitAdder_clock_utilization_routed.rpt"/>
  <File Type="POSTROUTE-PHYSOPT-DCP" Name="CLA4bitAdder_postroute_physopt.dcp"/>
  <File Type="POSTROUTE-PHYSOPT-BLACKBOX-DCP" Name="CLA4bitAdder_postroute_physopt_bb.dcp"/>
  <File Type="POSTROUTE-PHYSOPT-TIMING" Name="CLA4bitAdder_timing_summary_postroute_physopted.rpt"/>
  <File Type="POSTROUTE-PHYSOPT-TIMING-PB" Name="CLA4bitAdder_timing_summary_postroute_physopted.pb"/>
  <File Type="POSTROUTE-PHYSOPT-TIMING-RPX" Name="CLA4bitAdder_timing_summary_postroute_physopted.rpx"/>
  <File Type="BITSTR-NKY" Name="CLA4bitAdder.nky"/>
  <File Type="BITSTR-BMM" Name="CLA4bitAdder_bd.bmm"/>
  <File Type="BITSTR-MMI" Name="CLA4bitAdder.mmi"/>
  <File Type="BITSTR-LTX" Name="debug_nets.ltx"/>
  <File Type="BITSTR-LTX" Name="CLA4bitAdder.ltx"/>
  <File Type="BITSTR-SYSDEF" Name="CLA4bitAdder.sysdef"/>
  <File Type="WBT-USG" Name="usage_statistics_webtalk.html"/>
  <FileSet Name="sources" Type="DesignSrcs" RelSrcDir="$PSRCDIR/sources_1">
    <Filter Type="Srcs"/>
    <File Path="$PSRCDIR/sources_1/new/register_logic.v">
      <FileInfo>
        <Attr Name="UsedIn" Val="synthesis"/>
        <Attr Name="UsedIn" Val="implementation"/>
        <Attr Name="UsedIn" Val="simulation"/>
      </FileInfo>
    </File>
    <File Path="$PSRCDIR/sources_1/new/CLA4bitAdder.v">
      <FileInfo>
        <Attr Name="UsedIn" Val="synthesis"/>
        <Attr Name="UsedIn" Val="implementation"/>
        <Attr Name="UsedIn" Val="simulation"/>
      </FileInfo>
    </File>
    <Config>
      <Option Name="DesignMode" Val="RTL"/>
      <Option Name="TopModule" Val="CLA4bitAdder"/>
      <Option Name="TopAutoSet" Val="TRUE"/>
    </Config>
  </FileSet>
  <FileSet Name="constrs_in" Type="Constrs" RelSrcDir="$PSRCDIR/constrs_1">
    <Filter Type="Constrs"/>
    <File Path="$PSRCDIR/constrs_1/imports/Vivado EE316/Basys3_Master.xdc">
      <FileInfo>
        <Attr Name="ImportPath" Val="$PPRDIR/../Project5-1/Project5-1.srcs/constrs_1/imports/Vivado EE316/Basys3_Master.xdc"/>
        <Attr Name="ImportTime" Val="1523032983"/>
        <Attr Name="UsedIn" Val="synthesis"/>
        <Attr Name="UsedIn" Val="implementation"/>
      </FileInfo>
    </File>
    <Config>
      <Option Name="ConstrsType" Val="XDC"/>
    </Config>
  </FileSet>
  <Strategy Version="1" Minor="2">
    <StratHandle Name="Vivado Implementation Defaults" Flow="Vivado Implementation 2017">
      <Desc>Default settings for Implementation.</Desc>
    </StratHandle>
    <Step Id="init_design"/>
    <Step Id="opt_design"/>
    <Step Id="power_opt_design"/>
    <Step Id="place_design"/>
    <Step Id="post_place_power_opt_design"/>
    <Step Id="phys_opt_design"/>
    <Step Id="route_design"/>
    <Step Id="post_route_phys_opt_design"/>
    <Step Id="write_bitstream"/>
  </Strategy>
</GenRun>
