<?xml version="1.0" encoding="UTF-8"?>
<GenRun Id="impl_1" LaunchPart="xc7a35tcpg236-1" LaunchTime="1523033110">
  <File Type="PWROPT-DCP" Name="RCA4bit_pwropt.dcp"/>
  <File Type="ROUTE-PWR" Name="RCA4bit_power_routed.rpt"/>
  <File Type="PA-TCL" Name="RCA4bit.tcl"/>
  <File Type="ROUTE-PWR-SUM" Name="RCA4bit_power_summary_routed.pb"/>
  <File Type="REPORTS-TCL" Name="RCA4bit_reports.tcl"/>
  <File Type="BG-DRC" Name="RCA4bit.drc"/>
  <File Type="OPT-METHODOLOGY-DRC" Name="RCA4bit_methodology_drc_opted.rpt"/>
  <File Type="INIT-TIMING" Name="RCA4bit_timing_summary_init.rpt"/>
  <File Type="OPT-HWDEF" Name="RCA4bit.hwdef"/>
  <File Type="OPT-DCP" Name="RCA4bit_opt.dcp"/>
  <File Type="OPT-DRC" Name="RCA4bit_drc_opted.rpt"/>
  <File Type="OPT-TIMING" Name="RCA4bit_timing_summary_opted.rpt"/>
  <File Type="PWROPT-DRC" Name="RCA4bit_drc_pwropted.rpt"/>
  <File Type="PWROPT-TIMING" Name="RCA4bit_timing_summary_pwropted.rpt"/>
  <File Type="PLACE-DCP" Name="RCA4bit_placed.dcp"/>
  <File Type="PLACE-IO" Name="RCA4bit_io_placed.rpt"/>
  <File Type="PLACE-CLK" Name="RCA4bit_clock_utilization_placed.rpt"/>
  <File Type="PLACE-UTIL" Name="RCA4bit_utilization_placed.rpt"/>
  <File Type="PLACE-UTIL-PB" Name="RCA4bit_utilization_placed.pb"/>
  <File Type="PLACE-CTRL" Name="RCA4bit_control_sets_placed.rpt"/>
  <File Type="PLACE-SIMILARITY" Name="RCA4bit_incremental_reuse_placed.rpt"/>
  <File Type="PLACE-PRE-SIMILARITY" Name="RCA4bit_incremental_reuse_pre_placed.rpt"/>
  <File Type="PLACE-TIMING" Name="RCA4bit_timing_summary_placed.rpt"/>
  <File Type="POSTPLACE-PWROPT-DCP" Name="RCA4bit_postplace_pwropt.dcp"/>
  <File Type="POSTPLACE-PWROPT-TIMING" Name="RCA4bit_timing_summary_postplace_pwropted.rpt"/>
  <File Type="PHYSOPT-DCP" Name="RCA4bit_physopt.dcp"/>
  <File Type="PHYSOPT-DRC" Name="RCA4bit_drc_physopted.rpt"/>
  <File Type="BG-BIT" Name="RCA4bit.bit"/>
  <File Type="PHYSOPT-TIMING" Name="RCA4bit_timing_summary_physopted.rpt"/>
  <File Type="ROUTE-ERROR-DCP" Name="RCA4bit_routed_error.dcp"/>
  <File Type="ROUTE-DCP" Name="RCA4bit_routed.dcp"/>
  <File Type="ROUTE-BLACKBOX-DCP" Name="RCA4bit_routed_bb.dcp"/>
  <File Type="ROUTE-DRC" Name="RCA4bit_drc_routed.rpt"/>
  <File Type="ROUTE-DRC-PB" Name="RCA4bit_drc_routed.pb"/>
  <File Type="BITSTR-MSK" Name="RCA4bit.msk"/>
  <File Type="ROUTE-DRC-RPX" Name="RCA4bit_drc_routed.rpx"/>
  <File Type="BG-BGN" Name="RCA4bit.bgn"/>
  <File Type="ROUTE-METHODOLOGY-DRC" Name="RCA4bit_methodology_drc_routed.rpt"/>
  <File Type="BITSTR-RBT" Name="RCA4bit.rbt"/>
  <File Type="ROUTE-METHODOLOGY-DRC-RPX" Name="RCA4bit_methodology_drc_routed.rpx"/>
  <File Type="BG-BIN" Name="RCA4bit.bin"/>
  <File Type="ROUTE-METHODOLOGY-DRC-PB" Name="RCA4bit_methodology_drc_routed.pb"/>
  <File Type="ROUTE-PWR-RPX" Name="RCA4bit_power_routed.rpx"/>
  <File Type="ROUTE-STATUS" Name="RCA4bit_route_status.rpt"/>
  <File Type="ROUTE-STATUS-PB" Name="RCA4bit_route_status.pb"/>
  <File Type="ROUTE-TIMINGSUMMARY" Name="RCA4bit_timing_summary_routed.rpt"/>
  <File Type="ROUTE-TIMING-PB" Name="RCA4bit_timing_summary_routed.pb"/>
  <File Type="ROUTE-TIMING-RPX" Name="RCA4bit_timing_summary_routed.rpx"/>
  <File Type="ROUTE-SIMILARITY" Name="RCA4bit_incremental_reuse_routed.rpt"/>
  <File Type="RDI-RDI" Name="RCA4bit.vdi"/>
  <File Type="ROUTE-CLK" Name="RCA4bit_clock_utilization_routed.rpt"/>
  <File Type="POSTROUTE-PHYSOPT-DCP" Name="RCA4bit_postroute_physopt.dcp"/>
  <File Type="POSTROUTE-PHYSOPT-BLACKBOX-DCP" Name="RCA4bit_postroute_physopt_bb.dcp"/>
  <File Type="POSTROUTE-PHYSOPT-TIMING" Name="RCA4bit_timing_summary_postroute_physopted.rpt"/>
  <File Type="POSTROUTE-PHYSOPT-TIMING-PB" Name="RCA4bit_timing_summary_postroute_physopted.pb"/>
  <File Type="POSTROUTE-PHYSOPT-TIMING-RPX" Name="RCA4bit_timing_summary_postroute_physopted.rpx"/>
  <File Type="BITSTR-NKY" Name="RCA4bit.nky"/>
  <File Type="BITSTR-BMM" Name="RCA4bit_bd.bmm"/>
  <File Type="BITSTR-MMI" Name="RCA4bit.mmi"/>
  <File Type="BITSTR-LTX" Name="debug_nets.ltx"/>
  <File Type="BITSTR-LTX" Name="RCA4bit.ltx"/>
  <File Type="BITSTR-SYSDEF" Name="RCA4bit.sysdef"/>
  <File Type="WBT-USG" Name="usage_statistics_webtalk.html"/>
  <FileSet Name="sources" Type="DesignSrcs" RelSrcDir="$PSRCDIR/sources_1">
    <Filter Type="Srcs"/>
    <File Path="$PSRCDIR/sources_1/new/fullAdder.v">
      <FileInfo>
        <Attr Name="UsedIn" Val="synthesis"/>
        <Attr Name="UsedIn" Val="implementation"/>
        <Attr Name="UsedIn" Val="simulation"/>
      </FileInfo>
    </File>
    <File Path="$PSRCDIR/sources_1/new/register_logic.v">
      <FileInfo>
        <Attr Name="UsedIn" Val="synthesis"/>
        <Attr Name="UsedIn" Val="implementation"/>
        <Attr Name="UsedIn" Val="simulation"/>
      </FileInfo>
    </File>
    <File Path="$PSRCDIR/sources_1/new/4bitRCA.v">
      <FileInfo>
        <Attr Name="UsedIn" Val="synthesis"/>
        <Attr Name="UsedIn" Val="implementation"/>
        <Attr Name="UsedIn" Val="simulation"/>
      </FileInfo>
    </File>
    <Config>
      <Option Name="DesignMode" Val="RTL"/>
      <Option Name="TopModule" Val="RCA4bit"/>
      <Option Name="TopAutoSet" Val="TRUE"/>
    </Config>
  </FileSet>
  <FileSet Name="constrs_in" Type="Constrs" RelSrcDir="$PSRCDIR/constrs_1">
    <Filter Type="Constrs"/>
    <File Path="$PSRCDIR/constrs_1/imports/Vivado EE316/Basys3_Master.xdc">
      <FileInfo>
        <Attr Name="ImportPath" Val="$PPRDIR/../Basys3_Master.xdc"/>
        <Attr Name="ImportTime" Val="1519154551"/>
        <Attr Name="UsedIn" Val="synthesis"/>
        <Attr Name="UsedIn" Val="implementation"/>
      </FileInfo>
    </File>
    <Config>
      <Option Name="ConstrsType" Val="XDC"/>
    </Config>
  </FileSet>
  <Strategy Version="1" Minor="2">
    <StratHandle Name="Vivado Implementation Defaults" Flow="Vivado Implementation 2017">
      <Desc>Default settings for Implementation.</Desc>
    </StratHandle>
    <Step Id="init_design"/>
    <Step Id="opt_design"/>
    <Step Id="power_opt_design"/>
    <Step Id="place_design"/>
    <Step Id="post_place_power_opt_design"/>
    <Step Id="phys_opt_design"/>
    <Step Id="route_design"/>
    <Step Id="post_route_phys_opt_design"/>
    <Step Id="write_bitstream"/>
  </Strategy>
</GenRun>
