<?xml version="1.0" encoding="UTF-8"?>
<GenRun Id="impl_1" LaunchPart="xc7a35tcpg236-1" LaunchTime="1521821200">
  <File Type="ROUTE-PWR" Name="flight_attendent_call_system_dataflow_power_routed.rpt"/>
  <File Type="PA-TCL" Name="flight_attendent_call_system_dataflow.tcl"/>
  <File Type="PWROPT-DCP" Name="flight_attendent_call_system_dataflow_pwropt.dcp"/>
  <File Type="ROUTE-PWR-SUM" Name="flight_attendent_call_system_dataflow_power_summary_routed.pb"/>
  <File Type="REPORTS-TCL" Name="flight_attendent_call_system_dataflow_reports.tcl"/>
  <File Type="BG-DRC" Name="flight_attendent_call_system_dataflow.drc"/>
  <File Type="OPT-HWDEF" Name="flight_attendent_call_system_dataflow.hwdef"/>
  <File Type="OPT-DCP" Name="flight_attendent_call_system_dataflow_opt.dcp"/>
  <File Type="OPT-DRC" Name="flight_attendent_call_system_dataflow_drc_opted.rpt"/>
  <File Type="PLACE-DCP" Name="flight_attendent_call_system_dataflow_placed.dcp"/>
  <File Type="PLACE-IO" Name="flight_attendent_call_system_dataflow_io_placed.rpt"/>
  <File Type="PLACE-UTIL" Name="flight_attendent_call_system_dataflow_utilization_placed.rpt"/>
  <File Type="PLACE-UTIL-PB" Name="flight_attendent_call_system_dataflow_utilization_placed.pb"/>
  <File Type="PLACE-CTRL" Name="flight_attendent_call_system_dataflow_control_sets_placed.rpt"/>
  <File Type="PLACE-PRE-SIMILARITY" Name="flight_attendent_call_system_dataflow_incremental_reuse_pre_placed.rpt"/>
  <File Type="POSTPLACE-PWROPT-DCP" Name="flight_attendent_call_system_dataflow_postplace_pwropt.dcp"/>
  <File Type="PHYSOPT-DCP" Name="flight_attendent_call_system_dataflow_physopt.dcp"/>
  <File Type="BG-BIT" Name="flight_attendent_call_system_dataflow.bit"/>
  <File Type="ROUTE-ERROR-DCP" Name="flight_attendent_call_system_dataflow_routed_error.dcp"/>
  <File Type="ROUTE-DCP" Name="flight_attendent_call_system_dataflow_routed.dcp"/>
  <File Type="ROUTE-BLACKBOX-DCP" Name="flight_attendent_call_system_dataflow_routed_bb.dcp"/>
  <File Type="ROUTE-DRC" Name="flight_attendent_call_system_dataflow_drc_routed.rpt"/>
  <File Type="ROUTE-DRC-PB" Name="flight_attendent_call_system_dataflow_drc_routed.pb"/>
  <File Type="ROUTE-DRC-RPX" Name="flight_attendent_call_system_dataflow_drc_routed.rpx"/>
  <File Type="BITSTR-MSK" Name="flight_attendent_call_system_dataflow.msk"/>
  <File Type="ROUTE-METHODOLOGY-DRC" Name="flight_attendent_call_system_dataflow_methodology_drc_routed.rpt"/>
  <File Type="BG-BGN" Name="flight_attendent_call_system_dataflow.bgn"/>
  <File Type="ROUTE-METHODOLOGY-DRC-RPX" Name="flight_attendent_call_system_dataflow_methodology_drc_routed.rpx"/>
  <File Type="BITSTR-RBT" Name="flight_attendent_call_system_dataflow.rbt"/>
  <File Type="ROUTE-METHODOLOGY-DRC-PB" Name="flight_attendent_call_system_dataflow_methodology_drc_routed.pb"/>
  <File Type="BG-BIN" Name="flight_attendent_call_system_dataflow.bin"/>
  <File Type="ROUTE-PWR-RPX" Name="flight_attendent_call_system_dataflow_power_routed.rpx"/>
  <File Type="ROUTE-STATUS" Name="flight_attendent_call_system_dataflow_route_status.rpt"/>
  <File Type="ROUTE-STATUS-PB" Name="flight_attendent_call_system_dataflow_route_status.pb"/>
  <File Type="ROUTE-TIMINGSUMMARY" Name="flight_attendent_call_system_dataflow_timing_summary_routed.rpt"/>
  <File Type="ROUTE-TIMING-PB" Name="flight_attendent_call_system_dataflow_timing_summary_routed.pb"/>
  <File Type="ROUTE-TIMING-RPX" Name="flight_attendent_call_system_dataflow_timing_summary_routed.rpx"/>
  <File Type="ROUTE-CLK" Name="flight_attendent_call_system_dataflow_clock_utilization_routed.rpt"/>
  <File Type="RDI-RDI" Name="flight_attendent_call_system_dataflow.vdi"/>
  <File Type="POSTROUTE-PHYSOPT-DCP" Name="flight_attendent_call_system_dataflow_postroute_physopt.dcp"/>
  <File Type="POSTROUTE-PHYSOPT-BLACKBOX-DCP" Name="flight_attendent_call_system_dataflow_postroute_physopt_bb.dcp"/>
  <File Type="BITSTR-NKY" Name="flight_attendent_call_system_dataflow.nky"/>
  <File Type="BITSTR-BMM" Name="flight_attendent_call_system_dataflow_bd.bmm"/>
  <File Type="BITSTR-MMI" Name="flight_attendent_call_system_dataflow.mmi"/>
  <File Type="BITSTR-LTX" Name="flight_attendent_call_system_dataflow.ltx"/>
  <File Type="BITSTR-SYSDEF" Name="flight_attendent_call_system_dataflow.sysdef"/>
  <File Type="WBT-USG" Name="usage_statistics_webtalk.html"/>
  <FileSet Name="sources" Type="DesignSrcs" RelSrcDir="$PSRCDIR/sources_1">
    <Filter Type="Srcs"/>
    <File Path="$PSRCDIR/sources_1/new/flight_attendent_call_system_dataflow.v">
      <FileInfo>
        <Attr Name="UsedIn" Val="synthesis"/>
        <Attr Name="UsedIn" Val="implementation"/>
        <Attr Name="UsedIn" Val="simulation"/>
      </FileInfo>
    </File>
    <File Path="$PSRCDIR/sources_1/imports/new/flight_attendent_call_system.v">
      <FileInfo>
        <Attr Name="AutoDisabled" Val="1"/>
        <Attr Name="ImportPath" Val="$PSRCDIR/sources_1/new/flight_attendent_call_system.v"/>
        <Attr Name="ImportTime" Val="1521317565"/>
        <Attr Name="UsedIn" Val="synthesis"/>
        <Attr Name="UsedIn" Val="implementation"/>
        <Attr Name="UsedIn" Val="simulation"/>
      </FileInfo>
    </File>
    <File Path="$PSRCDIR/sources_1/new/clkdiv.v">
      <FileInfo>
        <Attr Name="AutoDisabled" Val="1"/>
        <Attr Name="UsedIn" Val="synthesis"/>
        <Attr Name="UsedIn" Val="implementation"/>
        <Attr Name="UsedIn" Val="simulation"/>
      </FileInfo>
    </File>
    <File Path="$PSRCDIR/sources_1/new/rising_edge_detector.v">
      <FileInfo>
        <Attr Name="AutoDisabled" Val="1"/>
        <Attr Name="UsedIn" Val="synthesis"/>
        <Attr Name="UsedIn" Val="implementation"/>
        <Attr Name="UsedIn" Val="simulation"/>
      </FileInfo>
    </File>
    <File Path="$PSRCDIR/sources_1/new/7seg_lookup.v">
      <FileInfo>
        <Attr Name="AutoDisabled" Val="1"/>
        <Attr Name="UsedIn" Val="synthesis"/>
        <Attr Name="UsedIn" Val="implementation"/>
        <Attr Name="UsedIn" Val="simulation"/>
      </FileInfo>
    </File>
    <File Path="$PSRCDIR/sources_1/new/clk_div_disp.v">
      <FileInfo>
        <Attr Name="AutoDisabled" Val="1"/>
        <Attr Name="UsedIn" Val="synthesis"/>
        <Attr Name="UsedIn" Val="implementation"/>
        <Attr Name="UsedIn" Val="simulation"/>
      </FileInfo>
    </File>
    <File Path="$PSRCDIR/sources_1/new/time_mux_state_machine.v">
      <FileInfo>
        <Attr Name="AutoDisabled" Val="1"/>
        <Attr Name="UsedIn" Val="synthesis"/>
        <Attr Name="UsedIn" Val="implementation"/>
        <Attr Name="UsedIn" Val="simulation"/>
      </FileInfo>
    </File>
    <File Path="$PSRCDIR/sources_1/new/time_multiplexing_main.v">
      <FileInfo>
        <Attr Name="AutoDisabled" Val="1"/>
        <Attr Name="UsedIn" Val="synthesis"/>
        <Attr Name="UsedIn" Val="implementation"/>
        <Attr Name="UsedIn" Val="simulation"/>
      </FileInfo>
    </File>
    <Config>
      <Option Name="DesignMode" Val="RTL"/>
      <Option Name="TopModule" Val="flight_attendent_call_system_dataflow"/>
    </Config>
  </FileSet>
  <FileSet Name="constrs_in" Type="Constrs" RelSrcDir="$PSRCDIR/constrs_1">
    <Filter Type="Constrs"/>
    <File Path="$PSRCDIR/constrs_1/imports/Vivado EE316/Basys3_call_system.xdc">
      <FileInfo>
        <Attr Name="UsedIn" Val="synthesis"/>
        <Attr Name="UsedIn" Val="implementation"/>
      </FileInfo>
    </File>
    <File Path="$PSRCDIR/constrs_1/imports/Vivado EE316/Basys3_rising_edge_detector.xdc">
      <FileInfo>
        <Attr Name="UserDisabled" Val="1"/>
        <Attr Name="UsedIn" Val="synthesis"/>
        <Attr Name="UsedIn" Val="implementation"/>
      </FileInfo>
    </File>
    <File Path="$PSRCDIR/constrs_1/imports/Vivado EE316/Basys3_Master_7seg_disp.xdc">
      <FileInfo>
        <Attr Name="UserDisabled" Val="1"/>
        <Attr Name="ImportPath" Val="$PPRDIR/../Basys3_Master_7seg_disp.xdc"/>
        <Attr Name="ImportTime" Val="1519154551"/>
        <Attr Name="UsedIn" Val="synthesis"/>
        <Attr Name="UsedIn" Val="implementation"/>
      </FileInfo>
    </File>
    <Config>
      <Option Name="TargetConstrsFile" Val="$PSRCDIR/constrs_1/imports/Vivado EE316/Basys3_call_system.xdc"/>
      <Option Name="ConstrsType" Val="XDC"/>
    </Config>
  </FileSet>
  <Strategy Version="1" Minor="2">
    <StratHandle Name="Vivado Implementation Defaults" Flow="Vivado Implementation 2017"/>
    <Step Id="init_design"/>
    <Step Id="opt_design"/>
    <Step Id="power_opt_design"/>
    <Step Id="place_design"/>
    <Step Id="post_place_power_opt_design"/>
    <Step Id="phys_opt_design"/>
    <Step Id="route_design"/>
    <Step Id="post_route_phys_opt_design"/>
    <Step Id="write_bitstream"/>
  </Strategy>
</GenRun>
