<?xml version="1.0" encoding="UTF-8"?>
<!-- Product Version: Vivado v2017.4 (64-bit)                     -->
<!--                                                              -->
<!-- Copyright 1986-2017 Xilinx, Inc. All Rights Reserved.        -->

<hwsession version="1" minor="2">
  <device name="xc7a35t_0" gui_info=""/>
  <ObjectList object_type="hw_device" gui_info="">
    <Object name="xc7a35t_0" gui_info="">
      <Properties Property="FULL_PROBES.FILE" value=""/>
      <Properties Property="PROBES.FILE" value=""/>
      <Properties Property="PROGRAM.HW_BITSTREAM" value="$_project_name_.runs/impl_3/top_module.bit"/>
      <Properties Property="SLR.COUNT" value="C:/Users/micro/AppData/Roaming/Xilinx/Vivado/1"/>
    </Object>
    <Object name="xc7a35t_0_1" gui_info="">
      <Properties Property="FULL_PROBES.FILE" value=""/>
      <Properties Property="PROBES.FILE" value=""/>
      <Properties Property="PROGRAM.HW_BITSTREAM" value="$_project_name_.runs/impl_3/top_module.bit"/>
      <Properties Property="SLR.COUNT" value="C:/Users/micro/AppData/Roaming/Xilinx/Vivado/1"/>
    </Object>
    <Object name="xc7a35t_0_2" gui_info="">
      <Properties Property="FULL_PROBES.FILE" value=""/>
      <Properties Property="PROBES.FILE" value=""/>
      <Properties Property="PROGRAM.HW_BITSTREAM" value="$_project_name_.runs/impl_3/top_module.bit"/>
      <Properties Property="SLR.COUNT" value="C:/Users/micro/AppData/Roaming/Xilinx/Vivado/1"/>
    </Object>
    <Object name="xc7a35t_0_3" gui_info="">
      <Properties Property="FULL_PROBES.FILE" value=""/>
      <Properties Property="PROBES.FILE" value=""/>
      <Properties Property="PROGRAM.HW_BITSTREAM" value="$_project_name_.runs/impl_3/top_module.bit"/>
      <Properties Property="SLR.COUNT" value="C:/Users/micro/AppData/Roaming/Xilinx/Vivado/1"/>
    </Object>
    <Object name="xc7a35t_0_4" gui_info="">
      <Properties Property="FULL_PROBES.FILE" value=""/>
      <Properties Property="PROBES.FILE" value=""/>
      <Properties Property="PROGRAM.HW_BITSTREAM" value="$_project_name_.runs/impl_3/top_module.bit"/>
      <Properties Property="SLR.COUNT" value="C:/Users/micro/AppData/Roaming/Xilinx/Vivado/1"/>
    </Object>
    <Object name="xc7a35t_0_5" gui_info="">
      <Properties Property="FULL_PROBES.FILE" value=""/>
      <Properties Property="PROBES.FILE" value=""/>
      <Properties Property="PROGRAM.HW_BITSTREAM" value="$_project_name_.runs/impl_3/top_module.bit"/>
      <Properties Property="SLR.COUNT" value="C:/Users/micro/AppData/Roaming/Xilinx/Vivado/1"/>
    </Object>
    <Object name="xc7a35t_0_6" gui_info="">
      <Properties Property="FULL_PROBES.FILE" value=""/>
      <Properties Property="PROBES.FILE" value=""/>
      <Properties Property="PROGRAM.HW_BITSTREAM" value="$_project_name_.runs/impl_3/top_module.bit"/>
      <Properties Property="SLR.COUNT" value="C:/Users/micro/AppData/Roaming/Xilinx/Vivado/1"/>
    </Object>
  </ObjectList>
  <probeset name="hw project" active="false"/>
</hwsession>
